{"-1,-2.zip": 1471351356.3502114, "-1,-5.zip": 1471730060.78432, "-4,-3.zip": 1471351356.513545, "4,4.zip": 1471137015.7973988, "-1,1.zip": 1471215447.6974573, "3,1.zip": 1471395974.1842575, "4,2.zip": 1471366675.8064454, "4,0.zip": 1471395974.1742575, "-3,-1.zip": 1471140113.562902, "-2,-1.zip": 1471206282.8990657, "0,-1.zip": 1471304874.0061262, "-4,-5.zip": 1471351356.533545, "2,-3.zip": 1471736343.9359486, "5,1.zip": 1471366675.7497785, "5,-4.zip": 1471736343.835949, "1,-4.zip": 1471736344.052615, "3,3.zip": 1471137015.6307328, "1,-3.zip": 1471736344.0292816, "0,1.zip": 1471215447.7207906, "4,-2.zip": 1471736343.9059486, "3,-2.zip": 1471736343.909282, "-5,-4.zip": 1471351356.513545, "2,2.zip": 1471366675.7697785, "4,-3.zip": 1471736343.835949, "1,-5.zip": 1472068407.063101, "-2,-3.zip": 1471351356.3535447, "-3,-6.zip": 1471351356.4302115, "-2,-2.zip": 1471351356.3602114, "1,0.zip": 1471399570.6811175, "3,2.zip": 1471366675.793112, "-5,-5.zip": 1471351356.5268784, "-1,-4.zip": 1471562337.7266681, "1,4.zip": 1471136043.8642933, "4,-1.zip": 1471366675.6197782, "0,-2.zip": 1471730060.9409862, "0,-5.zip": 1472068407.0264342, "3,-3.zip": 1471736343.8726156, "-1,0.zip": 1471215447.6874576, "2,5.zip": 1471136043.8742933, "-1,-1.zip": 1471304874.0194595, "5,3.zip": 1471137015.6973991, "-2,-7.zip": 1471351356.4002113, "1,-2.zip": 1471736344.0392816, "2,1.zip": 1471395974.1609242, "-2,2.zip": 1471214692.693722, "-3,-5.zip": 1471351356.4602115, "2,0.zip": 1471399570.6411176, "4,1.zip": 1471395974.1909242, "1,3.zip": 1471136043.89096, "4,-4.zip": 1471736343.845949, "0,0.zip": 1471304874.0227928, "0,-6.zip": 1472068406.9864342, "-2,-6.zip": 1471351356.4168782, "4,-5.zip": 1471366675.3697774, "0,-4.zip": 1471736344.1059482, "1,-1.zip": 1471399570.6911175, "-2,0.zip": 1471206282.9923985, "4,3.zip": 1471137015.727399, "1,1.zip": 1471366675.7231119, "1,-6.zip": 1472068407.0297675, "2,-5.zip": 1472068407.1064343, "2,-2.zip": 1471736343.9959486, "5,-1.zip": 1471137015.8640652, "1,2.zip": 1471136043.914293, "-1,-6.zip": 1472068407.053101, "-1,-3.zip": 1471351356.3235445, "3,-6.zip": 1472068407.0797677, "3,5.zip": 1471137015.6307328, "-1,2.zip": 1471214941.3627758, "2,-1.zip": 1471736344.0159485, "-3,-4.zip": 1471351356.4468782, "3,4.zip": 1471137015.6840658, "-2,1.zip": 1471214941.3561091, "-2,-5.zip": 1471351356.4202116, "2,4.zip": 1471136043.85096, "-5,-3.zip": 1471351356.5302117, "0,-7.zip": 1472068406.9897676, "-1,-7.zip": 1472068406.9697676, "0,-3.zip": 1471736344.0692816, "1,5.zip": 1471136043.84096, "5,-2.zip": 1471137015.8540652, "5,0.zip": 1471137015.7840655, "3,0.zip": 1471395974.1475909, "2,-6.zip": 1472068407.063101, "5,-3.zip": 1471736343.8626156, "5,2.zip": 1471366675.7964454, "-3,-3.zip": 1471351356.493545, "2,-4.zip": 1471736343.9626153, "3,-4.zip": 1471736343.9126153, "3,-1.zip": 1471736343.969282, "2,3.zip": 1471136043.8976266, "-3,-2.zip": 1471140113.5362353, "3,-5.zip": 1472068407.1397676, "-2,-4.zip": 1471351356.4802117, "-4,-4.zip": 1471351356.4902117}