{"1,-7.zip": 1471111800.417628, "2,-6.zip": 1471111800.554294, "0,-6.zip": 1471130287.9947736, "-1,-8.zip": 1471106152.8493326, "-2,-7.zip": 1471130287.9547737, "5,-3.zip": 1471130288.3314388, "-6,-6.zip": 1471125905.7003944, "-1,-2.zip": 1471106018.3299105, "6,0.zip": 1471133488.6998417, "-7,2.zip": 1471123332.080455, "0,-1.zip": 1471106018.2799108, "-3,-5.zip": 1471127259.080256, "-1,-5.zip": 1471111800.6176271, "2,-1.zip": 1471130288.188106, "-5,0.zip": 1471111800.7976265, "-5,-3.zip": 1471125905.6403947, "-2,-1.zip": 1471106018.3165772, "4,-1.zip": 1471130288.2247727, "5,-1.zip": 1471133488.6898417, "4,0.zip": 1471130288.2381058, "-7,3.zip": 1471123332.070455, "1,-3.zip": 1471130288.094773, "-2,2.zip": 1471121499.359799, "0,-8.zip": 1471106018.533243, "-8,-2.zip": 1471125905.580395, "6,-3.zip": 1471130288.334772, "-6,2.zip": 1471123332.037122, "-3,2.zip": 1471121499.3664656, "-4,1.zip": 1471121499.4397984, "-2,1.zip": 1471121499.3764653, "0,-7.zip": 1471130287.9614403, "1,-5.zip": 1471111800.4676278, "-5,3.zip": 1471121499.4531317, "-6,3.zip": 1471123332.0937884, "-5,4.zip": 1471111801.0442924, "-4,-5.zip": 1471127258.9902565, "-1,-1.zip": 1471106018.2732441, "-6,-4.zip": 1471125905.6403947, "-3,-4.zip": 1471127259.1402557, "0,-5.zip": 1471130288.0147734, "0,-4.zip": 1471130288.0681067, "5,2.zip": 1471134363.856928, "-4,-7.zip": 1471128074.616842, "-2,-2.zip": 1471111800.5309608, "-6,-5.zip": 1471125905.6737278, "-5,1.zip": 1471111800.8942928, "0,0.zip": 1471106018.2699108, "5,-2.zip": 1471130288.2681057, "-4,-3.zip": 1471111800.6942937, "7,0.zip": 1471132603.1927063, "1,0.zip": 1471106018.2899106, "-2,-4.zip": 1471127259.1402557, "3,-2.zip": 1471130288.2047727, "0,-2.zip": 1471106018.4265769, "-3,1.zip": 1471121499.3697987, "-6,1.zip": 1471123332.1204548, "-7,-5.zip": 1471125905.6537278, "-4,3.zip": 1471121499.4097986, "-4,-4.zip": 1471127259.1169226, "-3,-2.zip": 1471111800.7142935, "3,-1.zip": 1471130288.1847727, "-6,-3.zip": 1471125905.6303947, "-7,-3.zip": 1471125905.6103947, "7,1.zip": 1471132603.159373, "-3,3.zip": 1471121499.5031314, "-5,-6.zip": 1471125905.7170608, "-6,-1.zip": 1471125905.5837283, "-1,-6.zip": 1471130287.988107, "2,-5.zip": 1471111800.594294, "1,-4.zip": 1471130288.0447733, "-3,-3.zip": 1471111800.6742938, "-4,-6.zip": 1471128074.6235087, "6,1.zip": 1471134363.833595, "-7,-1.zip": 1471125905.540395, "-6,-2.zip": 1471125905.603728, "6,-1.zip": 1471133488.6665084, "-1,-4.zip": 1471111800.500961, "7,-2.zip": 1471130288.3481054, "-2,0.zip": 1471106018.3332438, "-4,0.zip": 1471111800.7776268, "-3,-1.zip": 1471111800.7776268, "2,-2.zip": 1471130288.1514397, "-5,-7.zip": 1471125905.7137275, "-1,-7.zip": 1471130287.9247737, "-7,-4.zip": 1471125905.6303947, "-4,-1.zip": 1471111800.7576268, "2,-7.zip": 1471111800.564294, "-3,-6.zip": 1471128074.5901754, "-2,-5.zip": 1471127259.1169226, "-8,-1.zip": 1471125905.5303953, "6,-2.zip": 1471130288.3047724, "0,-3.zip": 1471130288.1614394, "6,2.zip": 1471134363.8635948, "-7,0.zip": 1471125905.517062, "3,-3.zip": 1471130288.1547728, "-4,2.zip": 1471121499.4097986, "2,-4.zip": 1471130288.0881064, "-2,-3.zip": 1471111800.7142935, "-6,4.zip": 1471111801.0376258, "7,-3.zip": 1471130288.344772, "-1,0.zip": 1471106018.2499108, "1,-2.zip": 1471130288.134773, "-8,1.zip": 1471125905.5137286, "-4,-2.zip": 1471111800.7176268, "-3,-7.zip": 1471130287.948107, "5,0.zip": 1471133488.6798418, "-8,0.zip": 1471125905.497062, "-1,-3.zip": 1471111800.510961, "-2,-8.zip": 1471130287.884774, "-5,-4.zip": 1471125905.677061, "-5,2.zip": 1471121499.446465, "1,-6.zip": 1471111800.4009614, "-5,-1.zip": 1471111800.7976265, "5,1.zip": 1471134363.856928, "-7,1.zip": 1471125905.5003953, "-7,-2.zip": 1471125905.5903947, "-3,0.zip": 1471111800.7876265, "-5,-5.zip": 1471125905.6837277, "4,-2.zip": 1471130288.231439, "2,-3.zip": 1471130288.1181064, "-2,-6.zip": 1471128074.6435087, "1,-1.zip": 1471106018.2899106}